{
  "name": "root",
  "gauges": [
    {
      "name": "Catheter.mean_reward",
      "value": 1.4799526600363606,
      "min": -2.0785999022846227,
      "max": 1.769846739982313,
      "count": 96
    }
  ],
  "total": 2274.702299544,
  "count": 1,
  "self": 75.63773214296452,
  "children": [
    {
      "name": "demo_to_buffer",
      "total": 14.946393310000303,
      "count": 2,
      "self": 0.08239693400014403,
      "children": [
        {
          "name": "load_demonstration",
          "total": 0.49183564700001625,
          "count": 2,
          "self": 0.2072260360000655,
          "children": [
            {
              "name": "read_file",
              "total": 0.28460961099995075,
              "count": 2,
              "self": 0.28460961099995075
            }
          ]
        },
        {
          "name": "make_demo_buffer",
          "total": 14.372160729000143,
          "count": 2,
          "self": 2.4529037059810435,
          "children": [
            {
              "name": "batched_step_result_from_proto",
              "total": 11.9192570230191,
              "count": 57024,
              "self": 2.5132957170108057,
              "children": [
                {
                  "name": "_process_vector_observation",
                  "total": 9.405961306008294,
                  "count": 228096,
                  "self": 9.405961306008294
                }
              ]
            }
          ]
        }
      ]
    },
    {
      "name": "TrainerController.advance",
      "total": 2184.1181740910356,
      "count": 50170,
      "self": 0.772724201028268,
      "children": [
        {
          "name": "env_step",
          "total": 1651.0655629039795,
          "count": 50170,
          "self": 1607.8281887519229,
          "children": [
            {
              "name": "SubprocessEnvManager._take_step",
              "total": 42.54525527104761,
              "count": 50170,
              "self": 1.6389715451036864,
              "children": [
                {
                  "name": "PPOPolicy.evaluate",
                  "total": 40.90628372594392,
                  "count": 50170,
                  "self": 40.90628372594392
                }
              ]
            },
            {
              "name": "workers",
              "total": 0.6921188810090371,
              "count": 50170,
              "self": 0.0,
              "children": [
                {
                  "name": "worker_root",
                  "total": 2272.3109435559386,
                  "count": 50170,
                  "is_parallel": true,
                  "self": 708.4915572918815,
                  "children": [
                    {
                      "name": "batched_step_result_from_proto",
                      "total": 0.010569532000090476,
                      "count": 1,
                      "is_parallel": true,
                      "self": 0.0011208590001388075,
                      "children": [
                        {
                          "name": "_process_vector_observation",
                          "total": 0.009448672999951668,
                          "count": 4,
                          "is_parallel": true,
                          "self": 0.009448672999951668
                        }
                      ]
                    },
                    {
                      "name": "UnityEnvironment.step",
                      "total": 1563.808816732057,
                      "count": 50170,
                      "is_parallel": true,
                      "self": 5.257609691002699,
                      "children": [
                        {
                          "name": "UnityEnvironment._generate_step_input",
                          "total": 2.914339995029195,
                          "count": 50170,
                          "is_parallel": true,
                          "self": 2.914339995029195
                        },
                        {
                          "name": "communicator.exchange",
                          "total": 1537.2212909440118,
                          "count": 50170,
                          "is_parallel": true,
                          "self": 1537.2212909440118
                        },
                        {
                          "name": "batched_step_result_from_proto",
                          "total": 18.415576102013347,
                          "count": 50170,
                          "is_parallel": true,
                          "self": 3.942778781002744,
                          "children": [
                            {
                              "name": "_process_vector_observation",
                              "total": 14.472797321010603,
                              "count": 200680,
                              "is_parallel": true,
                              "self": 14.472797321010603
                            }
                          ]
                        }
                      ]
                    }
                  ]
                }
              ]
            }
          ]
        },
        {
          "name": "trainer_advance",
          "total": 532.2798869860278,
          "count": 50170,
          "self": 1.4498071400498702,
          "children": [
            {
              "name": "process_trajectory",
              "total": 8.477939283980504,
              "count": 50170,
              "self": 8.477939283980504
            },
            {
              "name": "_update_policy",
              "total": 522.3521405619974,
              "count": 170,
              "self": 487.18941277199474,
              "children": [
                {
                  "name": "PPOPolicy.update",
                  "total": 35.16272779000269,
                  "count": 2133,
                  "self": 35.16272779000269
                }
              ]
            }
          ]
        }
      ]
    }
  ]
}