{"count":1,"gauges":{"Catheter.CumulativeReward":{"count":4,"max":0.992,"min":0.97376,"value":0.992,"weightedAverage":0.981680036}},"self":11.431788,"total":12.045206,"children":{"AgentSendState":{"count":468,"self":0.031989,"total":0.037187,"children":{"CollectObservations":{"count":94,"self":0.0051979999999999995,"total":0.0051979999999999995,"children":null}}},"DecideAction":{"count":468,"self":0.017154,"total":0.017154,"children":null},"AgentAct":{"count":468,"self":0.55775999999999992,"total":0.55775999999999992,"children":null}}}