{"count":1,"gauges":{"Catheter.CumulativeReward":{"count":85,"max":0.978233755,"min":-1.05693376,"value":0.976087,"weightedAverage":0.735910654}},"self":186.53163519999998,"total":199.235614,"children":{"AgentSendState":{"count":8064,"self":0.571133,"total":1.308104,"children":{"CollectObservations":{"count":1613,"self":0.036351,"total":0.036351,"children":null},"RayPerceptionSensor.Perceive":{"count":4839,"self":0.70062,"total":0.70062,"children":null}}},"DecideAction":{"count":8064,"self":2.350523,"total":2.932438,"children":{"RayPerceptionSensor.Perceive":{"count":4839,"self":0.581915,"total":0.581915,"children":null}}},"AgentAct":{"count":8064,"self":8.4152912,"total":8.415291,"children":null},"RayPerceptionSensor.Perceive":{"count":255,"self":0.046835999999999996,"total":0.046835999999999996,"children":null}}}