{"count":1,"gauges":{"Catheter.CumulativeReward":{"count":1,"max":-0.99994123,"min":-0.99994123,"value":-0.99994123,"weightedAverage":-0.99994123}},"self":152.8095104,"total":153.95752199999998,"children":{"AgentSendState":{"count":7672,"self":0.199781,"total":0.227468,"children":{"CollectObservations":{"count":1535,"self":0.027687,"total":0.027687,"children":null}}},"DecideAction":{"count":7672,"self":0.114534,"total":0.114534,"children":null},"AgentAct":{"count":7672,"self":0.80544799999999994,"total":0.80544799999999994,"children":null}}}