{"count":1,"gauges":{"Catheter.CumulativeReward":{"count":3,"max":0.6220013,"min":-0.0759999752,"value":-0.0759999752,"weightedAverage":0.365377}},"self":150.8781184,"total":151.244476,"children":{"AgentSendState":{"count":978,"self":0.029972,"total":0.034492,"children":{"CollectObservations":{"count":196,"self":0.00452,"total":0.00452,"children":null}}},"DecideAction":{"count":978,"self":0.016489999999999998,"total":0.016489999999999998,"children":null},"AgentAct":{"count":978,"self":0.314259,"total":0.314259,"children":null}}}