{"count":1,"gauges":{"Catheter.CumulativeReward":{"count":10,"max":0.922999859,"min":-0.003999999,"value":-0.003999999,"weightedAverage":0.6885752}},"self":100389.6307712,"total":100393.983966,"children":{"AgentSendState":{"count":3643,"self":0.123388,"total":0.138981,"children":{"CollectObservations":{"count":729,"self":0.015593,"total":0.015593,"children":null}}},"DecideAction":{"count":3643,"self":1.640434,"total":1.9904769999999998,"children":{"RayPerceptionSensor.Perceive":{"count":2187,"self":0.350043,"total":0.350043,"children":null}}},"AgentAct":{"count":3643,"self":2.226066,"total":2.226066,"children":null}}}