{"count":1,"gauges":{"Catheter.CumulativeReward":{"count":5,"max":0.99358,"min":-0.003959994,"value":-0.003959994,"weightedAverage":0.7422654}},"self":40.5088096,"total":40.917083999999996,"children":{"AgentSendState":{"count":1659,"self":0.056125999999999995,"total":0.063462999999999992,"children":{"CollectObservations":{"count":332,"self":0.007337,"total":0.007337,"children":null}}},"DecideAction":{"count":1659,"self":0.025879,"total":0.025879,"children":null},"AgentAct":{"count":1659,"self":0.31795399999999996,"total":0.31795399999999996,"children":null}}}