{"count":1,"gauges":{"Catheter.CumulativeReward":{"count":4,"max":0.768086553,"min":-0.0342373438,"value":-0.0342373438,"weightedAverage":0.470995843}},"self":209.9098496,"total":210.92004599999999,"children":{"AgentSendState":{"count":1712,"self":0.046078,"total":0.052645,"children":{"CollectObservations":{"count":343,"self":0.006567,"total":0.006567,"children":null}}},"DecideAction":{"count":1712,"self":0.025386,"total":0.025386,"children":null},"AgentAct":{"count":1712,"self":0.931148,"total":0.931148,"children":null}}}